{
  "project_info": {
    "project_number": "20276022722",
    "firebase_url": "https://b9413048.firebaseio.com",
    "project_id": "b9413048",
    "storage_bucket": "b9413048.appspot.com"
  },
  "client": [
    {
      "client_info": {
        "mobilesdk_app_id": "1:20276022722:android:f7dd0353fcdc80ae0cda5b",
        "android_client_info": {
          "package_name": "com.fet.azure.myapplication"
        }
      },
      "oauth_client": [],
      "api_key": [
        {
          "current_key": "AIzaSyB8sqMy5BXDwyEJz0Hm7VmTd2DkOiYvj78"
        }
      ],
      "services": {
        "appinvite_service": {
          "other_platform_oauth_client": []
        }
      }
    },
    {
      "client_info": {
        "mobilesdk_app_id": "1:20276022722:android:60ca05727fe8f5020cda5b",
        "android_client_info": {
          "package_name": "com.fet.azure.notification"
        }
      },
      "oauth_client": [],
      "api_key": [
        {
          "current_key": "AIzaSyB8sqMy5BXDwyEJz0Hm7VmTd2DkOiYvj78"
        }
      ],
      "services": {
        "appinvite_service": {
          "other_platform_oauth_client": []
        }
      }
    }
  ],
  "configuration_version": "1"
}